5mer	max
CCCCA	1.4092446448703495e-05
CCCAT	0.0004609498640197901
CCCCG	0.0002509935160008366
GCCTG	0.00012661967669775882
ACCCT	0.00020932609311317155
ACCCA	1.1123346792582954e-05
GCCCT	2.7153007195546905e-05
CCCCC	7.627017073622506e-05
TCCCA	3.378987204901784e-05
TCCCG	2.5622958170520787e-05
GTCCT	0.00016752289479562206
GCCAG	0.00012686062246278755
GCCCA	8.840638647735914e-06
GCCCC	7.024727039177907e-05
TCCGC	0.00017942507080882255
CCCAA	0.00013422098142381618
AGCCT	0.0001926225561013195
GCCCG	0.00028085745781872057
TTCAG	0.0007558578987150416
ACCCG	0.0002166025884009314
ACCTA	0.0001893580761219466
TGCCT	0.00026434712553970874
CCCAG	0.00020020020020020018
TCCAA	0.00020088388911209318
ATCCA	0.0013084723585214265
TCCCT	0.000213857998289136
CACGA	0.00021447721179624664
ACCAG	0.00023033513762524472
TACCC	0.0006179540709812107
GTCCG	0.00024685262898049864
TACCT	0.00026780931976432785
AGCCA	0.0002789011295495747
TCCCC	0.0003420306850386006
CGCCT	0.0010565463612543318
ACCCC	0.0002914602156805596
GTCCC	0.0011871314945985515
GCCAT	0.0003243593902043464
TCCAG	0.00032499187520312
CCCCT	0.0005095187363935338
TACAG	0.0006263434354937437
CACAG	0.0004138216428719222
GTCCA	0.0008071928071928071
AGCAA	0.0006677386825106972
GCCAA	0.0005025860335910228
CGCCC	0.0021228392529032947
TCCGG	0.000503651473180559
CTCCG	0.0009058366438206662
TCCTG	0.0005664652567975831
CACGC	0.0005788153579008296
TGCCC	0.001767154607810095
AGCAC	0.001061923408774142
GACAA	0.0006220703552810269
ACCTC	0.0017389144205688734
TACGG	0.0013340305866532908
ATCCT	0.0007493443237167477
GGCAC	0.0008311400470979361
TCCGT	0.0008431703204047218
CTCCA	0.0008865248226950351
AACGC	0.0008960573476702508
GCCTA	0.0008992805755395684
ACCAT	0.0009099181073703367
TGCAT	0.0011347965984831072
GCCTC	0.0010921596876888042
GGCCC	0.0010035122930255897
GACCT	0.0011924636298592892
TACAA	0.001026694045174538
TTCAA	0.0011922334506642444
TACGC	0.0013010594341106329
GCCAC	0.0011808367071524967
CACCT	0.0021673704069715208
CTCCT	0.003411787974683545
ACCAA	0.0026484509184355786
GGCCT	0.0012999675008124798
CACAC	0.002998127651506174
CTCAG	0.004574823784565335
GGCAA	0.0013271400132714
AGCTC	0.002744883404650545
ACCGG	0.002418403268745063
AGCTA	0.002381126822477837
GTCAG	0.0034718115929786627
CCCTG	0.0013856812933025404
CACGG	0.001392369813422445
ACCGC	0.001401541695865452
TCCTT	0.001475361463558572
AGCAG	0.003095290736237011
AACAA	0.011823402541381908
CACAA	0.001756697408871322
AACGG	0.005675222494518251
AACGT	0.002059199803718827
CCCGC	0.008898207151583187
TGCAC	0.0020578954589106874
CACCC	0.01067423556453298
GGCAT	0.002082465639316952
ACCGT	0.0062445334906332
TTCGC	0.01994041649021924
TCCGA	0.0021609940572663426
AACGA	0.003102977869194286
GGCCG	0.002199736031676199
TTCAT	0.004347826086956522
TTCCT	0.004521319388576026
TCCTA	0.0023109937273027396
TACAC	0.0023121387283237
TACGT	0.0023132084200786487
TTCAC	0.003125776539673821
AGCCG	0.002473886750962067
CACCA	0.0026662924501824306
CACGT	0.003751997260899338
TGCCA	0.002705139765554554
GCCGG	0.003120151404068132
ATCAG	0.0027676437287709145
TACCA	0.007566204287515763
AGCGT	0.0031638894747943467
TTCCC	0.005387346001252871
GGCGC	0.003911222199078896
AGCAT	0.0029211295034079843
CCCGG	0.0029550827423167852
ATCCG	0.004953375244436543
GCCTT	0.002992092327420389
GACAC	0.003456647874573063
CTCAT	0.010934467831019557
CTCAA	0.006577098206756985
TACAT	0.010833431767941815
ACCAC	0.003524511374559436
CACTC	0.004661550796014202
GACAT	0.0038766845117223572
GGCCA	0.004167455957567721
GTCAA	0.004256828662646328
CCCTC	0.004281949934123847
TGCTA	0.014381967139723327
TGCTT	0.006149752754838225
TGCGC	0.006725541343222603
GGCAG	0.009521855120049251
TTCGG	0.008810365688911859
CTCCC	0.004807692307692308
TACGA	0.004916420845624385
CGCAT	0.010121545049526365
TCCTC	0.004995004995004995
TCCAC	0.005149898841272761
AACCT	0.005829903978052125
AGCCC	0.005235602094240838
TACCG	0.005666280913805668
CCCTT	0.005378151260504203
ACCTG	0.0059795134443021754
AACAC	0.008326316095124714
TTCCG	0.005452562704471102
GTCGC	0.005535055350553504
AACAG	0.005675368898978434
ATCAA	0.007245162911466622
TCCAT	0.0058661558721417465
CCCTA	0.005924463095531967
GCCGC	0.015678776290630976
TTCCA	0.008646926330824591
CGCTT	0.017582323102054855
GGCGT	0.009739317833312607
CTCGC	0.006453505426811381
GTCGT	0.01633704993939129
AGCTT	0.01080729009613181
ACCGA	0.01319964890959422
AACTG	0.03603359523164454
TGCGT	0.007523322299127296
TGCAA	0.007526602647287828
CCCGA	0.007529175555276697
CACAT	0.008855621738442886
AACAT	0.01230741317528236
CGCAA	0.014871886758645403
GGCTC	0.014013909846159179
GACGG	0.008095527221210281
ATCGT	0.022639103906748014
CGCCA	0.00832870627429206
GTCAT	0.008532423208191127
AGCGA	0.014690785514531488
GTCAC	0.008720930232558141
GACTT	0.008744855967078191
AACTT	0.008995937318630295
ATCAT	0.009017560512577124
GGCTA	0.009566903684550744
CCCAC	0.009436580627255066
GCCGA	0.009442870632672332
ATCCC	0.00963855421686747
CCCGT	0.00980392156862745
GACGT	0.011844316272310277
GTCGG	0.010237872544806492
AGCGC	0.013307416267942584
TGCTG	0.010118632240055828
GGCGG	0.010444563470808785
TGCTC	0.010720887245841035
CACTG	0.027644421835754936
CGCGC	0.016408744780152296
GGCTG	0.013180780108592085
AACCC	0.011594202898550723
GTCGA	0.012997461947498151
TACTC	0.01191658391261172
AGCGG	0.011932822628167354
ATCTG	0.022792607802874745
TGCAG	0.012048192771084338
GGCTT	0.017214043035107592
CGCCG	0.014570708790086472
GGCGA	0.014282353266811518
GTCTT	0.012345679012345678
CACTA	0.018851385105520632
CACTT	0.01472915398660986
CACCG	0.012606837606837607
CTCTC	0.012987012987012988
GACGC	0.015971436747932027
CGCAC	0.013262599469496022
GACTA	0.019520271586387288
AACTC	0.0190784921712836
GTCTA	0.019849115248802462
ATCAC	0.016378179355876255
TACTG	0.03771026608216944
GTCTC	0.018211256106167747
TTCGA	0.026947904800401767
TGCGA	0.04957013535045788
CTCGG	0.06276576895818567
GACCA	0.016022620169651274
CGCGT	0.019363533495225863
ATCGG	0.03418415510856146
TACTA	0.02909642315582909
GACTC	0.018266978922716632
AGCTG	0.026488231697997862
CTCGT	0.023661711468843872
ATCGA	0.020752269779507133
TGCGG	0.03208203406092588
ACCTT	0.02289754141605993
AACTA	0.03889196841900253
TGCCG	0.029847726007993118
ATCTT	0.024179343474779826
GCCGT	0.03634166673039714
GACTG	0.027644230769230768
CTCTG	0.02819738167170192
CGCTG	0.05434091959334567
CTCAC	0.028571428571428567
GTCTG	0.03360010029880686
GACGA	0.028897028897028894
ATCTA	0.03195212826013323
GACCC	0.030511388053287493
TTCGT	0.032922220011935545
TTCTG	0.03805230322194685
GACCG	0.03354037267080745
CTCTT	0.034439098505950866
CTCGA	0.03569836425362642
CGCGA	0.049724874575173966
GACAG	0.03674359857618555
ATCGC	0.040378006872852236
CGCAG	0.041176470588235294
CGCTA	0.04161640530759952
CTCTA	0.04182172603225235
TTCTA	0.0420284821118444
TACTT	0.19507299270072992
CGCGG	0.06145885021620472
CGCTC	0.06993736951983298
TTCTC	0.08006814310051108
TTCTT	0.09221556886227544
AACCG	0.1189837330202918
AACCA	0.15342214056040426
ATCTC	0.17396991497710926
