5mer	max
GCCCA	8.840638647735914e-06
ACCCA	1.1123346792582954e-05
CCCCA	1.4092446448703495e-05
TCCCG	2.5622958170520787e-05
GCCCT	2.7153007195546905e-05
TCCCA	3.378987204901784e-05
TCCAG	3.638833632526321e-05
CCCAG	4.2152000112405344e-05
GCCCC	7.024727039177907e-05
ACCAG	7.198646654428969e-05
CCCCC	7.627017073622506e-05
AGCCA	9.344383666017352e-05
ACCCC	0.00011673549196713897
GCCTG	0.00012661967669775882
GCCAG	0.00012686062246278755
TACCT	0.00012796724038646108
CCCAA	0.00013422098142381618
TCCCT	0.0001399384270920795
TCCAA	0.0001457683449462115
CACGA	0.0001572623765490344
GTCCG	0.00016178611875101117
GTCCT	0.00016752289479562206
TCCGC	0.00017942507080882255
ACCTA	0.00018413819912841247
AGCCT	0.0001926225561013195
GCCAT	0.00020434972996642825
ACCCT	0.00020932609311317155
ACCCG	0.0002166025884009314
CCCCG	0.0002509935160008366
CACAG	0.0002518474811654062
TGCCT	0.00026434712553970874
GCCTA	0.00026580427944889915
GCCCG	0.00028085745781872057
CTCCA	0.0003077184270282889
GGCCT	0.0003262997607135088
TCCCC	0.0003420306850386006
TCCTG	0.00035136636177133986
TCCGT	0.0003777078318829846
GGCAC	0.00044373071884376455
CCCAT	0.0004609498640197901
TCCGG	0.0004663907188246953
CACGC	0.0004965243296921549
GCCAA	0.0005025860335910228
CCCCT	0.0005095187363935338
GGCCC	0.0005117018125016833
TTCCG	0.0005554298409824937
TGCCA	0.0005627066188366041
ACCAT	0.0006017512188532341
TACCC	0.0006179540709812107
GACAA	0.0006220703552810269
TACAG	0.0006263434354937437
ACCGC	0.0006281835934832781
ATCCT	0.0006594990874373093
AGCAA	0.0006677386825106973
TTCAG	0.0007558578987150416
GTCCA	0.0008071928071928071
AACGC	0.0008343607177992802
TCCTA	0.000899869109947644
CTCCG	0.0009058366438206662
ACCAC	0.0009310395903425803
TACAA	0.0009386638674969973
TGCAC	0.0009876421278749645
CCCTG	0.001041208388326734
CGCCT	0.0010565463612543318
AGCAC	0.001061923408774142
GCCTC	0.0010921596876888042
CACGG	0.0010979126431916188
GCCAC	0.0011220926579233207
GGCAA	0.0011321654153259445
TGCAT	0.0011347965984831072
GTCCC	0.0011871314945985515
TTCAA	0.0011922334506642444
GACCT	0.0011924636298592892
AGCAT	0.0012974375608173856
TACGC	0.0013010594341106329
GACAT	0.0013027393513653572
ATCCA	0.0013084723585214265
AGCCG	0.0013248099605129458
CCCTA	0.0013334146081284955
TACGG	0.0013340305866532908
TCCGA	0.0013919984425192252
TCCTT	0.0014089814374887365
GGCCG	0.0014431647754605394
CACCA	0.0015665371391369804
CACAA	0.0017076167076167073
ACCTC	0.0017389144205688734
TGCCC	0.001767154607810095
TACGT	0.0017905296084564774
AGCCC	0.0018653161510304367
TACAC	0.001991122152603986
GGCAT	0.0020320569372441343
AACGT	0.002059199803718827
CGCCC	0.0021228392529032947
GCCTT	0.0021345368055132037
CCCGG	0.002160093809788311
CACCT	0.0021673704069715208
GTCAA	0.002282075648380004
ATCAG	0.002373644362594639
AGCTA	0.002381126822477837
ACCGG	0.002418403268745063
GTCAC	0.0025581564635046745
ACCAA	0.0026484509184355786
AGCTC	0.0027448834046505453
TACGA	0.002819267569733425
CTCCC	0.00284240446362775
CACAC	0.002998127651506174
AGCAG	0.003095290736237011
AACGA	0.003102977869194286
GCCGG	0.003120151404068132
TTCAC	0.003125776539673821
TCCAC	0.0031446540880503146
AGCGT	0.0031638894747943467
CCCTC	0.0031924866021684145
CTCCT	0.0034117879746835447
GACAC	0.003456647874573063
GTCAG	0.0034718115929786627
CGCCA	0.0035126063539146052
GTCAT	0.0035934224745140407
GGCCA	0.003618379184319145
TCCTC	0.0037071015333919976
CACGT	0.003751997260899338
GTCGC	0.0037546933667083854
GGCGC	0.003911222199078896
CACCG	0.0040235284506351865
TTCAT	0.004347826086956522
TTCCT	0.004521319388576026
CTCAG	0.004574823784565335
CACTC	0.004661550796014202
TGCAA	0.0047738911552816605
ATCCG	0.004953375244436543
CGCAC	0.004970389170896785
CCCAC	0.005199716379106593
CCCTT	0.005310712740904503
AACAG	0.0053654841560409035
TTCCC	0.005387346001252871
TGCGT	0.0053924348850399205
GACCA	0.005426824015849771
GACTG	0.0055330057679982905
TACCG	0.0056662809138056675
AACGG	0.005675222494518251
TCCAT	0.005699399023766307
AACCT	0.005829903978052125
GACGG	0.005960077882314472
ACCTG	0.0059795134443021754
ATCAT	0.006099236221770428
TGCTT	0.0061497527548382246
ACCGT	0.0062445334906332
CTCGC	0.006258343261515496
CTCAA	0.006577098206756985
CCCGA	0.006611431918989037
TGCGC	0.006725541343222603
CCCGT	0.007037403048543108
ATCAA	0.007245162911466622
GACTT	0.0075336837832754204
TACCA	0.007566204287515763
GCCGA	0.007699315692493167
GACTC	0.008036929414793835
AACAC	0.008326316095124714
TGCAG	0.008472584694925107
GGCGG	0.008557710497157941
TTCCA	0.008646926330824591
AACTT	0.008729559069566625
TTCGG	0.008810365688911859
ATCCC	0.008819032703136071
CACAT	0.008855621738442886
CCCGC	0.008898207151583187
GTCTT	0.009351283676213734
GGCAG	0.009521855120049251
GGCTA	0.009566903684550744
GGCGT	0.009739317833312609
TGCTG	0.009825188209774148
CTCTC	0.009870248392984685
CGCAT	0.010121545049526365
GTCGG	0.010237872544806492
AACCC	0.010401454415402498
TGCTC	0.010423452768729642
CACCC	0.01067423556453298
AGCTT	0.01080729009613181
TACAT	0.010833431767941815
CTCAT	0.010934467831019557
ACCTT	0.011451423799045984
TACTC	0.01150117327405212
AGCGG	0.011536161429095049
AACAA	0.011823402541381908
GACGT	0.011844316272310277
AACAT	0.01230741317528236
GACCC	0.012922789483829829
GTCGA	0.012997461947498151
GGCTG	0.013180780108592085
ACCGA	0.01319964890959422
AGCGC	0.013307416267942584
GGCTC	0.01401390984615918
GGCGA	0.014282353266811518
TGCTA	0.014381967139723327
CGCCG	0.014570708790086472
AGCGA	0.014690785514531488
CACTT	0.01472915398660986
CGCAA	0.014871886758645403
CGCAG	0.014982919722696676
GACAG	0.015551764543700029
GCCGC	0.015678776290630976
GACGC	0.015971436747932027
CTCTG	0.01597444089456869
GTCGT	0.01633704993939129
ATCAC	0.016378179355876255
CGCGC	0.016408744780152296
GGCTT	0.017214043035107592
GACCG	0.01723914766935784
CGCTT	0.017582323102054855
GTCTC	0.018211256106167747
ATCGA	0.01868809705210104
CACTA	0.018851385105520632
AACTC	0.0190784921712836
TTCTC	0.01932367149758454
CGCGT	0.019363533495225863
GACTA	0.019520271586387288
GTCTA	0.019849115248802462
TTCTA	0.01993771128916336
TTCGC	0.01994041649021924
GACGA	0.02070913677288917
TTCTT	0.02071538857436953
CTCTT	0.021601861083416416
ATCTT	0.0218244101884082
AACCA	0.022536274879982738
ATCGT	0.022639103906748014
ATCTG	0.022792607802874745
CTCGT	0.023661711468843872
AGCTG	0.026488231697997862
CTCAC	0.02679901296045173
TTCGA	0.026947904800401767
CACTG	0.027644421835754936
TACTA	0.029096423155829092
TGCCG	0.029847726007993118
TTCGT	0.03160371111855481
ATCTA	0.03195212826013323
TGCGG	0.03208203406092588
CTCTA	0.03237466466919834
CGCTA	0.033469742346997094
GTCTG	0.03360010029880686
ATCGG	0.034184155108561466
CTCGA	0.03569836425362642
AACTG	0.03603359523164454
GCCGT	0.03634166673039714
TACTG	0.03771026608216944
ATCGC	0.037777199446628405
TTCTG	0.03805230322194685
AACTA	0.03889196841900253
CGCTC	0.04620533639096346
TGCGA	0.04957013535045788
CGCGA	0.049724874575173966
CGCTG	0.054340919593345666
CGCGG	0.06145885021620472
CTCGG	0.06276576895818567
ATCTC	0.06825299824306776
AACCG	0.0963403304009523
TACTT	0.19507299270072992
